id,name,thumbnail,description
016b5fc6-302a-48d9-a100-c10d129a9bd6,"Unit 9. Teddy Bear, Teddy Bear, Say Goodnight",,
01e1d984-bfd7-468f-9994-62b68fd6f713,"Unit 10. Row, Row, Row Your Boat",,
087f9134-e674-4391-9704-bdb85151e9ef,"Unit 32. Rain, Rain, Go Away",,
0b79916d-be97-4622-ad73-bcc6d5f94f91,Unit 11. Muffin Man,,
0bd66021-1dbb-4d48-9839-686119f3299a,"Unit 45. Teddy Bear, Teddy Bear, Say Goodnight",,
0f0a90d0-1900-4d57-b4c3-961eeda62c55,Unit 42. Muffin Man,,
0f3d9061-ac4e-4bbd-83e9-3bd40e0991b1,"Unit 41. Rain, Rain, Go Away",,
14a89bf0-34fe-429f-850f-0b6e91d23c46,"Unit 15. Head, Shoulders, Knees, and Toes",,
1756504b-fd74-4292-b5ec-1c909e939f15,"Unit 12. Head, Shoulders, Knees, and Toes",,
1d003152-34bd-4bd7-bc10-b52e830be372,"Unit 20. Rain, Rain, Go Away",,
1f7c9051-d181-4432-bae3-38c7b9ae0b64,"Unit 18. Head, Shoulders, Knees, and Toes",,
2689ea8a-374e-4469-9931-768496185a90,"Unit 2. Star Light, Star Bright",,
26964457-a93a-4289-848b-6455cf2917e6,"Unit 35. Head, Shoulders, Knees, and Toes",,
303dcce6-68a4-4c1c-a65c-c6909aaedcd3,Unit 17. Muffin Man,,
30f6fce8-15c3-4595-b430-efc2be7a8b45,"Unit 46. Teddy Bear, Teddy Bear, Say Goodnight",,
40f72d82-17fa-403f-8ec4-e53f9d15e88e,"Unit 19. Teddy Bear, Teddy Bear, Say Goodnight",,
41bd322d-33e0-4417-a016-979e1c6eb034,"Unit 48. Teddy Bear, Teddy Bear, Say Goodnight",,
457d6001-80a6-42d7-b490-cca168f074e0,"Unit 24. Star Light, Star Bright",,
49f47ebc-23ec-4af9-866a-40d3b141f568,"Unit 3. Rain, Rain, Go Away",,
4de4b472-b0a0-4213-92b1-b67778a0997c,"Unit 13. Head, Shoulders, Knees, and Toes",,
51541dde-83f1-4a8b-b667-093fa1477104,Unit 22. Muffin Man,,
57cce146-43dc-4f6f-b933-6e49b245a8b4,"Unit 49. Row, Row, Row Your Boat",,
5c19dd85-3939-475e-a7ba-a5cb5bd65a72,"Unit 7. Star Light, Star Bright",,
5c81cef8-44de-4b4f-b2bb-4cae94676f97,"Unit 36. Rain, Rain, Go Away",,
6a01856d-7a35-4244-bdea-51dac03815f9,"Unit 27. Row, Row, Row Your Boat",,
6c11d8ae-0673-4139-8796-7bf7450830e1,"Unit 28. Row, Row, Row Your Boat",,
742ec7c8-f5bc-4b97-8283-cac69ab55d3d,Unit 16. Muffin Man,,
8ba36945-846d-4b08-9594-9d0e4f68d354,"Unit 14. Head, Shoulders, Knees, and Toes",,
8ef0d0d6-e9c5-4085-b995-c44c7b02c1a6,"Unit 6. Teddy Bear, Teddy Bear, Say Goodnight",,
927fd968-be12-425f-aae3-ecc4506fdbc3,"Unit 25. Teddy Bear, Teddy Bear, Say Goodnight",,
96137e87-0fc5-4351-b3c1-fc2a0a45bc08,"Unit 34. Rain, Rain, Go Away",,
98af927f-57dc-4195-8c69-09cb52cd6aaf,"Unit 21. Teddy Bear, Teddy Bear, Say Goodnight",,
9c4379cd-bdb9-4f2f-82bc-f8e17a45a20c,"Unit 29. Rain, Rain, Go Away",,
9e3c8d13-fa68-41ad-8592-a8ad7069365b,"Unit 1. Teddy Bear, Teddy Bear, Say Goodnight",,
ab93700a-d791-4ef0-934e-584176cb84e6,Unit 38. Muffin Man,,
af40f65b-07f1-4b93-b32f-6f6b87fefe73,"Unit 43. Row, Row, Row Your Boat",,
b4609f02-bd6c-4af6-bf35-b54b8959f08e,"Unit 50. Star Light, Star Bright",,
b4fe615d-2f9d-4d52-9a71-908d6e1176e9,"Unit 4. Rain, Rain, Go Away",,
bb964089-d07b-47ab-8a41-9d9c73afd501,Unit 5. Muffin Man,,
bf418248-e6bb-4966-a3c9-54ebcaf436b2,Unit 33. Muffin Man,,
bf433f89-3e21-4668-bc10-7ecb96b6c657,"Unit 26. Teddy Bear, Teddy Bear, Say Goodnight",,
c04d2b27-c9c1-4022-8d86-ed8927c69dc2,"Unit 47. Rain, Rain, Go Away",,
cbedc358-d8b0-43a7-9e11-1ee5d658028a,"Unit 8. Star Light, Star Bright",,
d680efb1-8629-4365-ae06-4c0fc9dea252,"Unit 31. Rain, Rain, Go Away",,
db49451c-20e4-4432-90a7-6e9fc5cbe251,"Unit 23. Head, Shoulders, Knees, and Toes",,
e06b6dfe-5818-4ab8-bf7f-c78481e81275,"Unit 44. Row, Row, Row Your Boat",,
e9c74512-0244-42cf-b307-1819cbdf5eb6,Unit 37. Muffin Man,,
ef842685-490b-4701-9e3a-99b88c86244c,"Unit 40. Teddy Bear, Teddy Bear, Say Goodnight",,
f18ecd97-8b18-4277-b525-8a5987a3c14d,Unit 30. Muffin Man,,
f9d329ed-7a9f-4300-8311-8a1b73c8cc2b,"Unit 39. Teddy Bear, Teddy Bear, Say Goodnight",,
